{"cameraMode":{"drawMode":0,"name":"Shaded","section":"Shading Mode"},"sceneLighting":false,"audioPlay":false,"sceneViewState":{"m_AlwaysRefresh":false,"showFog":true,"showSkybox":true,"showFlares":true,"showImageEffects":true,"showParticleSystems":true,"showVisualEffectGraphs":true,"m_FxEnabled":true},"in2DMode":false,"pivot":{"x":0.06833648681640625,"y":12.065896987915039,"z":45.67465591430664},"rotation":{"x":0.1913788765668869,"y":-0.6620163917541504,"z":0.17971624433994294,"w":0.7027642726898193},"size":21.87737464904785,"orthographic":true}